{
    "name": "root",
    "gauges": {
        "SimpleSAC.Policy.Entropy.mean": {
            "value": 4.9558634757995605,
            "min": 4.9558634757995605,
            "max": 4.969810485839844,
            "count": 2
        },
        "SimpleSAC.Policy.Entropy.sum": {
            "value": 49593.328125,
            "min": 49593.328125,
            "max": 49787.5625,
            "count": 2
        },
        "SimpleSAC.Step.mean": {
            "value": 19961.0,
            "min": 9954.0,
            "max": 19961.0,
            "count": 2
        },
        "SimpleSAC.Step.sum": {
            "value": 19961.0,
            "min": 9954.0,
            "max": 19961.0,
            "count": 2
        },
        "SimpleSAC.Policy.ExtrinsicValue.mean": {
            "value": 1.917762041091919,
            "min": -0.0006376929231919348,
            "max": 1.917762041091919,
            "count": 2
        },
        "SimpleSAC.Policy.ExtrinsicValue.sum": {
            "value": 312.59521484375,
            "min": -0.10139317065477371,
            "max": 312.59521484375,
            "count": 2
        },
        "SimpleSAC.Environment.EpisodeLength.mean": {
            "value": 827.8461538461538,
            "min": 827.8461538461538,
            "max": 1131.25,
            "count": 2
        },
        "SimpleSAC.Environment.EpisodeLength.sum": {
            "value": 10762.0,
            "min": 9050.0,
            "max": 10762.0,
            "count": 2
        },
        "SimpleSAC.Environment.CumulativeReward.mean": {
            "value": 0.46153846153846156,
            "min": 0.125,
            "max": 0.46153846153846156,
            "count": 2
        },
        "SimpleSAC.Environment.CumulativeReward.sum": {
            "value": 6.0,
            "min": 1.0,
            "max": 6.0,
            "count": 2
        },
        "SimpleSAC.Policy.ExtrinsicReward.mean": {
            "value": 0.46153846153846156,
            "min": 0.125,
            "max": 0.46153846153846156,
            "count": 2
        },
        "SimpleSAC.Policy.ExtrinsicReward.sum": {
            "value": 6.0,
            "min": 1.0,
            "max": 6.0,
            "count": 2
        },
        "SimpleSAC.IsTraining.mean": {
            "value": 1.0,
            "min": 1.0,
            "max": 1.0,
            "count": 2
        },
        "SimpleSAC.IsTraining.sum": {
            "value": 1.0,
            "min": 1.0,
            "max": 1.0,
            "count": 2
        },
        "SimpleSAC.Losses.PolicyLoss.mean": {
            "value": -11.56969714375945,
            "min": -11.56969714375945,
            "max": -11.56969714375945,
            "count": 1
        },
        "SimpleSAC.Losses.PolicyLoss.sum": {
            "value": -28808.54588796103,
            "min": -28808.54588796103,
            "max": -28808.54588796103,
            "count": 1
        },
        "SimpleSAC.Losses.ValueLoss.mean": {
            "value": 0.0008958989604471467,
            "min": 0.0008958989604471467,
            "max": 0.0008958989604471467,
            "count": 1
        },
        "SimpleSAC.Losses.ValueLoss.sum": {
            "value": 2.2307884115133954,
            "min": 2.2307884115133954,
            "max": 2.2307884115133954,
            "count": 1
        },
        "SimpleSAC.Losses.Q1Loss.mean": {
            "value": 0.0006104878066901275,
            "min": 0.0006104878066901275,
            "max": 0.0006104878066901275,
            "count": 1
        },
        "SimpleSAC.Losses.Q1Loss.sum": {
            "value": 1.5201146386584174,
            "min": 1.5201146386584174,
            "max": 1.5201146386584174,
            "count": 1
        },
        "SimpleSAC.Losses.Q2Loss.mean": {
            "value": 0.0006366935700508773,
            "min": 0.0006366935700508773,
            "max": 0.0006366935700508773,
            "count": 1
        },
        "SimpleSAC.Losses.Q2Loss.sum": {
            "value": 1.5853669894266844,
            "min": 1.5853669894266844,
            "max": 1.5853669894266844,
            "count": 1
        },
        "SimpleSAC.Policy.DiscreteEntropyCoeff.mean": {
            "value": 0.3525995793836866,
            "min": 0.3525995793836866,
            "max": 0.3525995793836866,
            "count": 1
        },
        "SimpleSAC.Policy.DiscreteEntropyCoeff.sum": {
            "value": 877.9729526653796,
            "min": 877.9729526653796,
            "max": 877.9729526653796,
            "count": 1
        },
        "SimpleSAC.Policy.ContinuousEntropyCoeff.mean": {
            "value": 0.5,
            "min": 0.5,
            "max": 0.5,
            "count": 1
        },
        "SimpleSAC.Policy.ContinuousEntropyCoeff.sum": {
            "value": 1245.0,
            "min": 1245.0,
            "max": 1245.0,
            "count": 1
        },
        "SimpleSAC.Policy.LearningRate.mean": {
            "value": 0.0003,
            "min": 0.0003,
            "max": 0.0003,
            "count": 1
        },
        "SimpleSAC.Policy.LearningRate.sum": {
            "value": 0.7469999999999999,
            "min": 0.7469999999999999,
            "max": 0.7469999999999999,
            "count": 1
        }
    },
    "metadata": {
        "timer_format_version": "0.1.0",
        "start_time_seconds": "1669581235",
        "python_version": "3.8.14 (default, Sep  6 2022, 23:26:50) \n[Clang 13.1.6 (clang-1316.0.21.2.5)]",
        "command_line_arguments": "/usr/local/bin/mlagents-learn config/sac.yaml --run-id SAC_agent --force",
        "mlagents_version": "0.28.0",
        "mlagents_envs_version": "0.28.0",
        "communication_protocol_version": "1.5.0",
        "pytorch_version": "1.8.1",
        "numpy_version": "1.19.5",
        "end_time_seconds": "1669581942"
    },
    "total": 706.73605867,
    "count": 1,
    "self": 0.007139827000059995,
    "children": {
        "run_training.setup": {
            "total": 0.07724161299999999,
            "count": 1,
            "self": 0.07724161299999999
        },
        "TrainerController.start_learning": {
            "total": 706.65167723,
            "count": 1,
            "self": 0.4468933100002914,
            "children": {
                "TrainerController._reset_env": {
                    "total": 35.351131185,
                    "count": 1,
                    "self": 35.351131185
                },
                "TrainerController.advance": {
                    "total": 670.4573826279998,
                    "count": 20050,
                    "self": 0.431022786001904,
                    "children": {
                        "env_step": {
                            "total": 412.46284094500226,
                            "count": 20050,
                            "self": 364.02529062100746,
                            "children": {
                                "SubprocessEnvManager._take_step": {
                                    "total": 48.032296412993105,
                                    "count": 20050,
                                    "self": 1.250551432994321,
                                    "children": {
                                        "TorchPolicy.evaluate": {
                                            "total": 46.781744979998784,
                                            "count": 20030,
                                            "self": 5.83688913000092,
                                            "children": {
                                                "TorchPolicy.sample_actions": {
                                                    "total": 40.944855849997865,
                                                    "count": 20030,
                                                    "self": 40.944855849997865
                                                }
                                            }
                                        }
                                    }
                                },